,Porcentaje_Train,Promedio,StandarDesv
0,0.1,83.1862394729482,4.174188658093219
