,Porcentaje_Train,Promedio,StandarDesv
0,1.9,76.27142550569732,1.4060935087721096
