,Porcentaje_Train,Promedio,StandarDesv
0,1.0,76.599376751661,1.831523356362763
