,Porcentaje_Train,Promedio,StandarDesv
0,2.5,75.26630447400804,0.6652216407714218
