,Porcentaje_Train,Promedio,StandarDesv
0,0.1,73.17962891130075,3.4475836182137574
