,Porcentaje_Train,Promedio,StandarDesv
0,1.9,72.83681990003895,0.9275771435735449
