,Porcentaje_Train,Promedio,StandarDesv
0,1.0,73.57253656910073,1.7452775582116715
