,Porcentaje_Train,Promedio,StandarDesv
0,2.5,72.6409081876193,0.9879086440374122
